employee_id,working_days,present_days,overtime_hours
1001,22,20,5
1002,22,21,2
1003,22,19,0
1004,22,22,8
1005,22,20,4
1006,22,21,3
1007,22,22,10
1008,22,20,1
1009,22,21,2
1010,22,19,6
1011,22,22,12
1012,22,21,4
1013,22,20,5
1014,22,19,1
1015,22,21,3
1016,22,22,7
1017,22,20,2
1018,22,21,4
1019,22,19,0
1020,22,22,9
